Input	Output
Jar : b o b o ; Beaker : o b ; SEPARATE Add two orange to Jar	Jar : b o b o o o ; Beaker : o b ;
Beaker : o b o ; Jar : o o o ; SEPARATE Add two blue to Jar	Beaker : o b o ; Jar : o o o b b ;
Beaker : b b ; Jar : o b ; SEPARATE Add one orange to Beaker	Beaker : b b o ; Jar : o b ;
Jar : b b b ; Beaker : o b ; SEPARATE Destroy Jar	Beaker : o b ;
Jar : b o ; Beaker : o ; SEPARATE Destroy Beaker	Jar : b o ;
Beaker : o o b ; Jar : b b o b ; SEPARATE Destroy Jar	Beaker : o o b ;
Jar : o o b b ; Beaker : o ; SEPARATE Unmix Jar	Jar : o o ; Jar : b b ; Beaker : o ;
Beaker : b o b ; Jar : o o b ; SEPARATE Unmix Beaker	Beaker : b b ; Beaker : o ; Jar : o o b ;
Beaker : b b o ; Jar : o ; SEPARATE Unmix Beaker	Beaker : b b ; Beaker : o ; Jar : o ;
